field_name,section,prd_ref,label,data_type,unit,allowed_values,hard_min,hard_max,soft_min,soft_max,requirement,relevant_if,source,calculation,default_value,regex,form_hint,measurement_rule,notes
start_time,0_site_id_and_location,6.1,Form start time,datetime,,,,,,,always,,auto_start,,,,,,Recorded automatically by the form app.
end_time,0_site_id_and_location,6.1,Form end time,datetime,,,,,,,always,,auto_end,,,,,,Recorded automatically by the form app.
form_version,0_site_id_and_location,6,Form version,string,,,,,,,always,,calculated,'1.0',,,,,Must change whenever the form changes (PRD 6: no mid-campaign change without versioning).
survey_date,0_site_id_and_location,"6.1, 11",Survey date,date,,,,,,,always,,calculated,"format-date(today(), '%Y-%m-%d')",,,,,Recorded automatically.
observer_id,0_site_id_and_location,operational,Observer initials,string,,,,,,,always,,form,,,,"Your initials, same every time.",,"Operational field. Initials only, no personal data."
site_id,0_site_id_and_location,"6.1, 11",Site ID,string,,,,,,,always,,form,,,^LAG-FI-([0-9]{3}|R[0-9]{3}|P[0-9]{2})$,"Primary LAG-FI-001..120, reserve LAG-FI-R001..R030, pilot LAG-FI-P01..P20. Never reuse an ID.","Assign before departure. One ID = one road segment + its drainage environment. Never reuse an ID, even if a site is abandoned.",Pilot ID series (LAG-FI-Pnn) is a PROPOSAL: the PRD and tracker do not define pilot IDs. Needs owner decision.
site_type,0_site_id_and_location,tracker,Site type,categorical,,primary=Primary|reserve=Reserve|pilot=Pilot,,,,,always,,calculated,"if(regex(${site_id}, '^LAG-FI-R'), 'reserve', if(regex(${site_id}, '^LAG-FI-P'), 'pilot', 'primary'))",,,,,Derived from the ID prefix.
stratum,0_site_id_and_location,"5, 11",Stratum,categorical,,S1=S1 Low elevation / coastal influence|S2=S2 Inland low-lying urban|S3=S3 Highly built-up / impervious urban|S4=S4 Moderate-density inland / peri-urban|S5=S5 Historically or independently identified flood-exposed|S6=S6 Lower-exposure / comparison|PILOT=Pilot site (no stratum assigned yet),,,,,always,,form,,,,Copy from the sampling frame. Pilot sites: PILOT.,,PILOT value is a PROPOSAL because the sampling frame is built after the pilot (PRD 29).
replaces_site_id,0_site_id_and_location,5,Replaces which primary site? (reserve only),string,,,,,,,optional,site_type==reserve,form,,,^LAG-FI-[0-9]{3}$,Only for a reserve site used as a replacement. Must be in the same stratum.,,Validator requires this for every reserve site.
replacement_reason,0_site_id_and_location,5,Why was the primary site replaced?,categorical,,inaccessible=Inaccessible|unsafe=Unsafe|not_a_valid_site=Not a valid road/drain site|access_denied=Access denied (private property)|other=Other (explain in notes),,,,,optional,site_type==reserve,form,,,,,,Reason list is a PROPOSAL (PRD 5 only says the reason must be logged).
site_location,0_site_id_and_location,6.1,Site location (GPS),geopoint,,,,,,,always,,form,,,,Stand at the centre of the segment. Wait until accuracy is good before saving.,"Record at the segment centre point. Same device and settings for the whole campaign. Latitude, longitude and accuracy are split out automatically.",Form-only field. The three calculated fields below are what goes in the analysis table.
latitude,0_site_id_and_location,"6.1, 11",Latitude (WGS84),decimal,decimal degrees,,6.2,6.8,,,always,,calculated,"selected-at(${site_location}, 0)",,,,,"CRS EPSG:4326. Hard limits are a rough sanity box around Lagos, NOT the study boundary. Replace with a boundary check once the study boundary exists (PRD 18)."
longitude,0_site_id_and_location,"6.1, 11",Longitude (WGS84),decimal,decimal degrees,,2.6,4.5,,,always,,calculated,"selected-at(${site_location}, 1)",,,,,"CRS EPSG:4326. Hard limits are a rough sanity box around Lagos, NOT the study boundary."
gps_accuracy_m,0_site_id_and_location,"6.1, 11",GPS accuracy,decimal,m,,0,1000,,15,always,,calculated,"selected-at(${site_location}, 3)",,,,,"Soft limit 15 m is a PROPOSAL for flagging poor accuracy (PRD 18 says flag, gives no number)."
lga,0_site_id_and_location,6.1,LGA,categorical,,agege=Agege|ajeromi_ifelodun=Ajeromi-Ifelodun|alimosho=Alimosho|amuwo_odofin=Amuwo-Odofin|apapa=Apapa|badagry=Badagry|epe=Epe|eti_osa=Eti-Osa|ibeju_lekki=Ibeju-Lekki|ifako_ijaiye=Ifako-Ijaiye|ikeja=Ikeja|ikorodu=Ikorodu|kosofe=Kosofe|lagos_island=Lagos Island|lagos_mainland=Lagos Mainland|mushin=Mushin|ojo=Ojo|oshodi_isolo=Oshodi-Isolo|shomolu=Shomolu|surulere=Surulere|other_unsure=Other / unsure,,,,,always,,form,,,,,,20 LGAs listed from general knowledge. Check against the official boundary layer during the dataset audit; the validator can later re-derive LGA from coordinates.
neighbourhood,0_site_id_and_location,6.1,Neighbourhood / area,string,,,,,,,always,,form,,,,,,
road_name_ref,0_site_id_and_location,6.1,Road name or nearest recognisable reference,string,,,,,,,always,,form,,,,"Road name, or a landmark. No private house numbers or names of people.",,
access_notes,0_site_id_and_location,6.1,Site access notes,text,,,,,,,optional,,form,,,,How to reach the site; any access problem.,,
obs_segment_length_m,0_site_id_and_location,6.2,Observation segment length,decimal,m,,10,200,,,always,,form,,50,,"Default 50 m, centred on the GPS point. Change only if the site physically cannot give 50 m; say why in notes.","The segment along the road, centred on the GPS point, inside which potholes are counted and all road and drain conditions are assessed.",PRD 6.2 says 'a defined observation segment' but gives no length. 50 m is a PROPOSAL to confirm or change before the pilot.
pavement_type,1_road,6.2,Pavement type,categorical,,asphalt=Asphalt|concrete=Concrete|interlock=Interlocking blocks|unpaved=Unpaved|other=Other,,,,,value_or_reason,,form,,,,,"Dominant surface within the segment. If mixed, choose the surface under most of the carriageway and describe the rest in notes.",
pavement_type_other,1_road,6.2,"Pavement type (other, describe)",string,,,,,,,optional,pavement_type==other,form,,,,,,
road_width_m,1_road,"6.2, 11",Road width (carriageway),decimal,m,,0.1,100,2,30,value_or_reason,,form,,,,"Edge to edge of the paved/driven surface, at a representative point.",Measure across the carriageway at a representative point in the segment. Use the tape or laser from the roadside. Do not stand in the traffic lane. Record the method.,
road_width_method,1_road,6.2,How was road width measured?,categorical,,tape=Tape|laser=Laser distance meter|pacing=Pacing|visual_estimate=Visual estimate|other=Other,,,,,optional,,form,,,,,,Validator requires this whenever road_width_m has a value.
pothole_count,1_road,"6.2, 11",Pothole count,integer,count,,0,300,,60,value_or_reason,,form,,,,Count visible potholes inside the observation segment.,Count every visible pothole on the carriageway inside the segment. Count only what you can see safely from the roadside.,
pothole_largest_length_m,1_road,6.2,Largest pothole: length,decimal,m,,0,20,,5,value_or_reason,pothole_count!=0,form,,,,,"Choose the largest pothole you can measure safely. Do not enter the traffic lane. If it cannot be measured safely, use the missing code refused_unsafe.",
pothole_largest_width_m,1_road,6.2,Largest pothole: width,decimal,m,,0,20,,5,value_or_reason,pothole_count!=0,form,,,,,,
pothole_largest_depth_m,1_road,6.2,Largest pothole: depth,decimal,m,,0,3,,0.6,value_or_reason,pothole_count!=0,form,,,,,Deepest point below the surrounding pavement surface.,
cracking_score,1_road,"6.2, 11",Cracking,ordinal,,0=0 None|1=1 Minor|2=2 Moderate|3=3 Severe,,,,,value_or_reason,,form,,,,"0 none | 1 isolated hairline | 2 several, some linked | 3 widespread or loose pieces","DRAFT anchors. 0 none visible. 1 minor: isolated or hairline cracks, not linked together. 2 moderate: several cracks, some linked, edges open but no loose pieces. 3 severe: widespread linked (map or alligator) cracking, or loose, displaced or missing surface pieces. Photograph the worst area.","PRD gives only none/minor/moderate/severe. Anchors are project drafts, not from a published standard; test in the pilot."
rutting_score,1_road,6.2,Rutting / deformation,ordinal,,0=0 None|1=1 Minor|2=2 Moderate|3=3 Severe,,,,,value_or_reason,,form,,,,"0 none | 1 slight | 2 clear, water would pond | 3 deep or shoving","DRAFT anchors. 0 none. 1 minor: slight wheel-path depression, visible by eye only. 2 moderate: clear depression or deformation where water would likely pond. 3 severe: deep ruts, shoving or heave that affects vehicle movement. On unpaved roads rate the running surface.",
edge_failure_score,1_road,6.2,Edge failure / erosion of the pavement edge,ordinal,,0=0 None|1=1 Minor|2=2 Moderate|3=3 Severe,,,,,value_or_reason,,form,,,,0 none | 1 slight breaking | 2 broken/eroded part of segment | 3 collapsed/undercut,"DRAFT anchors. 0 none. 1 minor: slight edge breaking or raveling. 2 moderate: broken or eroded edge along part of the segment. 3 severe: edge collapsed or undercut, base exposed, or a large part of the carriageway edge lost.",PRD 6.2 lists 'Edge failure/erosion'. Named edge_failure_score to keep it separate from erosion_score (PRD 6.4 and 11). Owner to confirm these are two different variables.
drain_side_assessed,2_drainage,operational,Which drain did you assess?,categorical,,right=Right-hand side (facing direction of travel)|left=Left-hand side|none=No drain present,,,,,always,,form,,,,Stand at the segment centre facing the direction of travel. Use the right-hand drain. Use left only if there is no right-hand drain. 'none' hides all drain questions.,"Fixed rule so drain choice never depends on which drain looks worse: right-hand drain first, left-hand only if none on the right. If there is no drain at all, choose none and the drain questions are skipped.","Operational field, not an analysis variable. The fixed-side rule and the 'none' gate are PROPOSALS; PRD 6.3 does not say how to pick between two drains or what to do when there is none."
drain_type,2_drainage,6.3,Drain type,categorical,,open_earth=Open earth|masonry_concrete=Masonry / concrete|covered=Covered|pipe_culvert=Pipe / culvert|other=Other,,,,,value_or_reason,drain_side_assessed!=none,form,,,,,,
drain_type_other,2_drainage,6.3,"Drain type (other, describe)",string,,,,,,,optional,drain_type==other,form,,,,,,
drain_width_m,2_drainage,"6.3, 11",Drain clear internal width,decimal,m,,0.05,15,0.1,3,value_or_reason,drain_side_assessed!=none,form,,,,,"Clear internal width at a representative accessible point, measured from outside with tape or laser. Never enter the drain.",
drain_depth_m,2_drainage,"6.3, 11",Drain depth (invert to top edge),decimal,m,,0.05,15,0.1,3,value_or_reason,drain_side_assessed!=none,form,,,,,"Invert (bottom) to top edge. Measure from outside with a tape on a rod or a laser. If debris or water hides the invert, record the depth to the visible surface and use notes. If it cannot be measured safely, use refused_unsafe.",
obstruction_score,2_drainage,"6.3, 11",Obstruction (all materials together),ordinal,,0=0 None|1=1 Under 25%|2=2 25-50%|3=3 50-75%|4=4 Over 75%|5=5 Completely blocked,,,,,value_or_reason,drain_side_assessed!=none,form,,,,"Share of the drain cross-section blocked by everything together, at the worst accessible point.","Classes are from PRD 6.3. Judge the share of the cross-section blocked by ALL materials together (sediment, vegetation, waste, collapse) at the worst accessible point. On an exact class boundary choose the higher class (DRAFT rule).",Should never be lower than the share for any single material below.
sediment_score,2_drainage,"6.3, 11",Sediment,ordinal,,0=0 None|1=1 Minor|2=2 Moderate|3=3 Severe,,,,,value_or_reason,drain_side_assessed!=none,form,,,,Share of cross-section filled by silt/soil: 1 up to 25% | 2 25-50% | 3 over 50%,DRAFT anchors. Share of the drain cross-section filled by sediment at the worst accessible point. 0 none. 1 minor: up to 25%. 2 moderate: over 25% to 50%. 3 severe: over 50%.,PRD gives only none/minor/moderate/severe. Numeric anchors are project drafts for repeatability; test in the pilot.
vegetation_score,2_drainage,6.3,Vegetation,ordinal,,0=0 None|1=1 Minor|2=2 Moderate|3=3 Severe,,,,,value_or_reason,drain_side_assessed!=none,form,,,,Share of cross-section filled by plants: 1 up to 25% | 2 25-50% | 3 over 50%,"DRAFT anchors. Same scale as sediment, for plant growth inside the drain. 0 none. 1 up to 25%. 2 over 25% to 50%. 3 over 50%.",
waste_score,2_drainage,"6.3, 11",Solid waste,ordinal,,0=0 None|1=1 Minor|2=2 Moderate|3=3 Severe,,,,,value_or_reason,drain_side_assessed!=none,form,,,,Share of cross-section filled by waste: 1 up to 25% | 2 25-50% | 3 over 50%,"DRAFT anchors. Same scale as sediment, for solid waste inside the drain. 0 none. 1 up to 25%. 2 over 25% to 50%. 3 over 50%.",
structural_condition_score,2_drainage,6.3,Structural condition,ordinal,,0=0 Sound|1=1 Minor damage|2=2 Moderate damage|3=3 Severe or failed,,,,,value_or_reason,drain_side_assessed!=none,form,,,,"0 sound | 1 minor damage | 2 spalling/broken parts, still works | 3 collapsed/failed","DRAFT anchors. 0 sound: no visible defects. 1 minor damage: hairline cracks, small chips, slight settlement. 2 moderate damage: spalling, broken or missing cover slabs or lining sections, leaning or sagging, drain still works. 3 severe/failed: collapsed, long missing sections, or not working.",
visible_flow,2_drainage,6.3,Visible flow,categorical,,none=None|slow=Slow|moderate=Moderate|fast=Fast,,,,,value_or_reason,drain_side_assessed!=none,form,,,,Look from outside. NEVER enter flowing water.,Observed from outside at the time of the visit. none: no movement. slow: barely visible movement. moderate: clearly moving. fast: turbulent or rapid. Never enter flowing water.,
connectivity,2_drainage,6.3,Outlet connectivity,categorical,,connected_outlet=Visible connected outlet|uncertain=Uncertain|disconnected=Disconnected,,,,,value_or_reason,drain_side_assessed!=none,form,,,,,"connected_outlet: you can see the drain continuing to an outlet, channel, culvert or another drain. disconnected: the drain visibly ends, is blocked or is buried at its outlet. uncertain: you cannot tell.",
standing_water,3_flood_evidence,"6.2, 6.4, 11",Standing water present at visit,binary,,0=No|1=Yes,,,,,value_or_reason,,form,,,,,"1 if water is lying on the carriageway or shoulder, or standing in the drain, at the time of the visit. Do not enter water to check.",Listed in both PRD 6.2 and 6.4. Recorded once here.
standing_water_depth_m,3_flood_evidence,6.2,Approximate standing water depth,decimal,m,,0,3,,1,value_or_reason,standing_water==1,form,,,,Only if safe. Measure from the edge with a rod. Otherwise choose refused_unsafe.,Only when safe. Never wade into water of unknown depth. Use the missing code refused_unsafe if you cannot measure it safely.,
water_mark,3_flood_evidence,"6.4, 11",Visible prior water mark,binary,,0=No|1=Yes,,,,,value_or_reason,,form,,,,,"1 if you can see a stain or line on walls, poles, kerbs, fences or ground consistent with earlier water level. Physical evidence only. Photograph it.",
sediment_debris_line,3_flood_evidence,6.4,Sediment / debris line,binary,,0=No|1=Yes,,,,,value_or_reason,,form,,,,,"1 if there is a line of silt, debris or waste left on the road, walls or plants consistent with earlier water.",
drain_overtopping_evidence,3_flood_evidence,6.4,Drain overtopping evidence,binary,,0=No|1=Yes,,,,,value_or_reason,drain_side_assessed!=none,form,,,,,"1 only with physical evidence, for example silt or debris deposited outside the drain edge, flattened plants, or scour channels leading away from the drain. Do not infer from reputation or from what people say.",
erosion_score,3_flood_evidence,"6.4, 11",Flood-related erosion (ground beside road/drain),ordinal,,0=0 None|1=1 Minor|2=2 Moderate|3=3 Severe,,,,,value_or_reason,,form,,,,"Scour/gullies on shoulder, bank or ground beside road/drain","DRAFT anchors. Erosion of the shoulder, embankment or ground beside the road or drain. 0 none. 1 minor: surface scour. 2 moderate: gullies or cut channels. 3 severe: deep gullies, undermined edges or large washout. Not the same as edge_failure_score, which is damage to the pavement edge itself.",Owner to confirm the split between erosion_score and edge_failure_score.
pavement_water_damage_score,3_flood_evidence,6.4,Pavement water damage,ordinal,,0=0 None|1=1 Minor|2=2 Moderate|3=3 Severe,,,,,value_or_reason,,form,,,,Pavement damage that looks water-related,"DRAFT anchors. Damage that looks caused by water action. 0 none. 1 minor: staining or light surface scouring. 2 moderate: loose aggregate, washed-out patches, water-related breaking. 3 severe: washed-out sections, exposed base, undermined slabs. Record what you see. If unsure of the cause, record the damage and say so in notes.",
local_flood_history,3_flood_evidence,6.4,"Local flood history (reported, optional)",categorical,,"none_reported=None reported|occasional=Reported, occasional|frequent=Reported, frequent|unknown=Unknown",,,,,optional,,form,,,,OPTIONAL. Leave blank unless the consent step in the protocol has been agreed.,Contextual report only. Never mix with direct observations. Do not record names. Needs the consent step in the protocol before use.,Allowed values are a PROPOSAL (PRD 6.4 says 'categorical' without values). PRD 20 requires a consent process for local reports. Recommend leaving blank in the pilot.
local_flood_history_source,3_flood_evidence,6.4,Source of the local flood history report,categorical,,resident=Resident|business=Shop or business|official=Official sign or record|other=Other,,,,,optional,,form,,,,Only if local_flood_history was filled. No names.,,
photo_marker_taken,4_photographs,"6.1, 7",Marker photo taken first (paper card with Site ID)?,binary,,0=No|1=Yes,,,,,value_or_reason,,form,,,,Photograph a paper card with the Site ID BEFORE the other photos. It tells us which photos belong to this site.,"Take photos with the normal iPhone Camera app, in this order: 0 marker card (paper with the Site ID written large), 1 road approach, 2 pavement surface, 3 drainage entrance, 4 drainage interior, 5 drainage outlet or connection, 6 surrounding terrain and land cover, 7 any visible flood damage or evidence. Safe position only. No faces, no number plates.","Photos are NOT uploaded through the form (iPhone web-form photo upload is unreliable). They are matched to the site later by script using the marker photo and photo timestamps. Design change from the first draft; PRD 7 requires photos linked in the metadata table, which the script does."
photo_count,4_photographs,7,Number of photos taken at this site (including the marker card),integer,count,,0,60,8,,value_or_reason,,form,,,,Normal set is 8: marker card plus 7 photos.,"Count all photos you took at this site in the Camera app, marker card included. A normal full set is 8.",Soft minimum 8 = marker plus the 7 PRD photos. Fewer than 8 needs an explanation in photo_exceptions.
photo_exceptions,4_photographs,"7, 26","Which of the 7 photos are missing, and why?",text,,,,,,,optional,,form,,,,"Example: 'photo 4 and 5: drain covered, could not see inside'. Needed if fewer than 8 photos.",,PRD 26: every valid site has photographic evidence or a documented exception. The validator warns when photo_count is below 8 and this is blank.
photo_set_id,4_photographs,"7, 11",Photo set ID,string,,,,,,,always,,calculated,${site_id},,,,,"Equals site_id (PRD 11). Photo files are copied to SITEID_00.jpg (marker card), SITEID_01.jpg ... by src/data_ingest.py, matched by photo and form timestamps."
notes,5_notes,11,Notes (context only),text,,,,,,,optional,,form,,,,Context only. Do not put measurements here. No names or private details.,,
